epoch,time,train/box_loss,train/pose_loss,train/kobj_loss,train/cls_loss,train/dfl_loss,metrics/precision(B),metrics/recall(B),metrics/mAP50(B),metrics/mAP50-95(B),metrics/precision(P),metrics/recall(P),metrics/mAP50(P),metrics/mAP50-95(P),val/box_loss,val/pose_loss,val/kobj_loss,val/cls_loss,val/dfl_loss,lr/pg0,lr/pg1,lr/pg2
1,9.68722,1.41454,7.38668,0.7494,3.93377,1.38477,0.84115,0.92937,0.96408,0.74225,0,0,0,0,0.92051,7.69457,0.70931,1.28717,1.00359,0.000325,0.000325,0.000325
2,13.0773,0.86785,4.51016,0.77433,1.92466,1.00931,0.96377,0.97572,0.98626,0.80638,0.05422,0.05211,0.01318,0.00153,0.79612,5.84782,0.71963,1.08615,0.96834,0.000655941,0.000655941,0.000655941
3,17.0298,0.78556,3.40553,0.76676,1.58895,0.97071,0.98265,0.97013,0.995,0.83347,0.93149,0.91983,0.9408,0.34575,0.64548,3.41974,0.74428,1.01698,0.90462,0.0009802,0.0009802,0.0009802
4,20.7044,0.78251,2.68543,0.76404,1.3838,0.96665,0.99363,0.9487,0.99305,0.85757,0.98769,0.9436,0.98239,0.65177,0.57519,2.10345,0.74386,0.90162,0.91762,0.00121287,0.00121287,0.00121287
5,24.125,0.83781,2.40596,0.78608,1.29625,1.02113,0.99093,0.9949,0.99231,0.85174,0.98585,0.9898,0.98405,0.69502,0.64378,1.73185,0.77011,0.6672,0.95756,0.0012005,0.0012005,0.0012005
6,27.775,0.70194,1.93141,0.74678,1.13049,0.95788,0.9973,0.99555,0.995,0.85257,0.98766,0.98489,0.98416,0.72286,0.64615,1.43133,0.77504,0.59373,0.94863,0.00118812,0.00118812,0.00118812
7,31.9026,0.68966,1.52915,0.70731,0.99112,0.96618,0.99793,1,0.995,0.8636,0.98773,0.9898,0.98459,0.75186,0.53609,1.09828,0.69455,0.49771,0.90499,0.00117575,0.00117575,0.00117575
8,36.302,0.62408,1.39312,0.657,0.91413,0.93934,0.99737,1,0.995,0.88201,0.98719,0.9898,0.98428,0.81654,0.49112,0.948,0.63493,0.47204,0.90004,0.00116337,0.00116337,0.00116337
9,39.9185,0.55068,1.18888,0.6191,0.79259,0.91733,0.99632,1,0.995,0.88989,0.97141,0.97579,0.97415,0.81344,0.46393,0.79259,0.57699,0.46059,0.88719,0.001151,0.001151,0.001151
10,43.5182,0.56131,1.02047,0.5778,0.75937,0.9023,0.99728,1,0.995,0.87386,0.99219,0.9949,0.98827,0.9039,0.48889,0.58062,0.53796,0.41515,0.88927,0.00113863,0.00113863,0.00113863
11,47.1931,0.55235,0.86919,0.53172,0.70504,0.90315,0.99639,1,0.995,0.90111,0.98625,0.9898,0.98586,0.91296,0.45096,0.49939,0.47729,0.40687,0.88271,0.00112625,0.00112625,0.00112625
12,50.7939,0.52691,0.7228,0.48915,0.67382,0.89289,0.99603,1,0.995,0.88799,0.99095,0.9949,0.98918,0.91466,0.44504,0.3988,0.42793,0.40075,0.87822,0.00111388,0.00111388,0.00111388
13,54.2033,0.5044,0.7156,0.45878,0.64598,0.89423,0.99658,1,0.995,0.8859,0.99149,0.9949,0.98939,0.95702,0.45563,0.337,0.39698,0.38645,0.87762,0.0011015,0.0011015,0.0011015
14,58.044,0.50105,0.67146,0.42627,0.60906,0.8758,0.99495,1,0.995,0.89442,0.98988,0.9949,0.9874,0.95527,0.43149,0.30139,0.3676,0.38185,0.86885,0.00108913,0.00108913,0.00108913
15,61.5949,0.4682,0.48204,0.37991,0.55554,0.88076,0.99711,1,0.995,0.88469,0.99202,0.9949,0.98503,0.95911,0.46934,0.29269,0.32688,0.36847,0.87382,0.00107675,0.00107675,0.00107675
16,65.0085,0.50195,0.53073,0.35764,0.5582,0.88071,0.99585,1,0.995,0.88939,0.99072,0.9949,0.98515,0.96439,0.46137,0.27598,0.29622,0.37056,0.87168,0.00106437,0.00106437,0.00106437
17,68.7024,0.4878,0.52307,0.33561,0.52972,0.87706,0.99532,1,0.995,0.88705,0.9902,0.9949,0.98577,0.96668,0.42041,0.25099,0.25989,0.36059,0.86244,0.001052,0.001052,0.001052
18,72.25,0.45283,0.47282,0.29099,0.50216,0.86437,0.99401,1,0.995,0.89925,0.98892,0.9949,0.98607,0.97223,0.4146,0.24222,0.24237,0.33364,0.85698,0.00103962,0.00103962,0.00103962
19,75.8308,0.45103,0.48355,0.29808,0.49274,0.87015,0.99584,1,0.995,0.89129,0.99076,0.9949,0.98607,0.97397,0.42716,0.21418,0.22472,0.34473,0.86498,0.00102725,0.00102725,0.00102725
20,79.3983,0.44587,0.46323,0.29472,0.47065,0.85268,0.99724,1,0.995,0.90287,0.99215,0.9949,0.98503,0.97126,0.39585,0.20178,0.20726,0.31156,0.85228,0.00101488,0.00101488,0.00101488
21,82.9603,0.45409,0.3798,0.26804,0.44502,0.8556,0.99626,1,0.995,0.88402,0.99116,0.9949,0.98503,0.97065,0.45299,0.18528,0.19382,0.31131,0.86755,0.0010025,0.0010025,0.0010025
22,86.3896,0.47937,0.35228,0.26016,0.45374,0.87201,0.99477,1,0.995,0.8901,0.9897,0.9949,0.98503,0.9702,0.41043,0.19809,0.17819,0.33203,0.86116,0.000990125,0.000990125,0.000990125
23,89.7442,0.44471,0.36374,0.24434,0.43484,0.85153,0.99505,1,0.995,0.90241,0.98997,0.9949,0.98515,0.978,0.39892,0.15992,0.17075,0.33549,0.85629,0.00097775,0.00097775,0.00097775
24,93.0764,0.41525,0.37265,0.24303,0.42542,0.85348,0.99511,1,0.995,0.90683,0.99001,0.9949,0.98515,0.97441,0.38668,0.1793,0.16216,0.3008,0.85423,0.000965375,0.000965375,0.000965375
25,96.5428,0.41437,0.3418,0.24883,0.41355,0.85633,0.99609,1,0.995,0.91637,0.99101,0.9949,0.98526,0.97586,0.36189,0.17485,0.14704,0.28995,0.85036,0.000953,0.000953,0.000953
26,99.8388,0.39496,0.40153,0.24175,0.39595,0.85002,0.99653,1,0.995,0.91854,0.99144,0.9949,0.98515,0.97823,0.3839,0.15633,0.14234,0.28966,0.84939,0.000940625,0.000940625,0.000940625
27,103.12,0.3843,0.34396,0.23553,0.38069,0.83995,0.99584,1,0.995,0.91308,0.99076,0.9949,0.98796,0.97915,0.34914,0.1608,0.13137,0.28087,0.84502,0.00092825,0.00092825,0.00092825
28,106.779,0.38514,0.34083,0.21128,0.36928,0.84372,0.99599,1,0.995,0.91717,0.99091,0.9949,0.98908,0.98155,0.37099,0.15309,0.12611,0.27,0.8502,0.000915875,0.000915875,0.000915875
29,110.743,0.3984,0.30495,0.2065,0.36348,0.84538,0.99622,1,0.995,0.91342,0.99114,0.9949,0.98786,0.97701,0.35847,0.14988,0.12027,0.26907,0.84733,0.0009035,0.0009035,0.0009035
30,114.43,0.3847,0.34242,0.22674,0.36144,0.84415,0.99772,1,0.995,0.91805,0.99263,0.9949,0.98526,0.97605,0.3596,0.15352,0.11491,0.26421,0.84557,0.000891125,0.000891125,0.000891125
31,118.085,0.38362,0.31815,0.19062,0.3485,0.84376,0.99616,1,0.995,0.92462,0.99107,0.9949,0.98515,0.97876,0.33326,0.14782,0.10779,0.25732,0.84277,0.00087875,0.00087875,0.00087875
32,121.738,0.36253,0.30507,0.19432,0.33547,0.83295,0.99647,0.99883,0.995,0.92589,0.99139,0.99372,0.98526,0.97887,0.335,0.14641,0.10398,0.25941,0.83962,0.000866375,0.000866375,0.000866375
33,125.354,0.38805,0.25027,0.18179,0.33396,0.83594,0.99479,1,0.995,0.91768,0.9897,0.9949,0.98503,0.97848,0.3448,0.15444,0.09867,0.26131,0.84043,0.000854,0.000854,0.000854
34,128.815,0.36573,0.32298,0.17468,0.33977,0.83875,0.99603,1,0.995,0.9167,0.99095,0.9949,0.98566,0.97657,0.34056,0.14085,0.09611,0.24904,0.8429,0.000841625,0.000841625,0.000841625
35,132.354,0.36423,0.29584,0.19705,0.33196,0.83886,0.99667,1,0.995,0.92053,0.99155,0.9949,0.98587,0.97964,0.35163,0.13423,0.09142,0.25043,0.84493,0.00082925,0.00082925,0.00082925
36,135.526,0.3616,0.28387,0.18582,0.3319,0.82951,0.99625,1,0.995,0.92122,0.99116,0.9949,0.98709,0.98141,0.3448,0.13606,0.08943,0.24672,0.84345,0.000816875,0.000816875,0.000816875
37,139.453,0.39316,0.28113,0.16826,0.33173,0.83982,0.99611,1,0.995,0.90854,0.99103,0.9949,0.98679,0.97943,0.38931,0.14528,0.08665,0.25199,0.85631,0.0008045,0.0008045,0.0008045
38,143.618,0.40541,0.27231,0.17656,0.34344,0.83749,0.99603,1,0.995,0.88969,0.99095,0.9949,0.98546,0.97957,0.45451,0.13708,0.08974,0.2774,0.86559,0.000792125,0.000792125,0.000792125
39,147.846,0.37361,0.26519,0.17873,0.32861,0.83756,0.99518,1,0.995,0.90269,0.99011,0.9949,0.98816,0.98335,0.38058,0.13272,0.08495,0.25882,0.84544,0.00077975,0.00077975,0.00077975
40,151.933,0.34559,0.27656,0.17575,0.30957,0.82872,0.99547,1,0.995,0.9212,0.99039,0.9949,0.9898,0.98601,0.32652,0.12563,0.08371,0.2379,0.8405,0.000767375,0.000767375,0.000767375
41,156.167,0.35569,0.28295,0.19044,0.31414,0.83153,0.99641,1,0.995,0.91968,0.99131,0.9949,0.98617,0.98123,0.35452,0.13268,0.08292,0.24318,0.84619,0.000755,0.000755,0.000755
42,160.26,0.3528,0.2262,0.15828,0.30268,0.8267,0.99649,1,0.995,0.92127,0.9914,0.9949,0.98526,0.97959,0.3506,0.12816,0.08226,0.2516,0.84327,0.000742625,0.000742625,0.000742625
43,164.37,0.36158,0.27372,0.17199,0.31561,0.83245,0.99612,1,0.995,0.92792,0.99102,0.9949,0.98526,0.98102,0.33265,0.12413,0.07774,0.24099,0.84114,0.00073025,0.00073025,0.00073025
44,168.583,0.35878,0.25981,0.16251,0.31098,0.82842,0.9928,0.99468,0.9949,0.91467,0.9876,0.98958,0.98515,0.97951,0.33521,0.12515,0.07661,0.23515,0.84119,0.000717875,0.000717875,0.000717875
45,172.735,0.33922,0.26572,0.16677,0.29868,0.81697,0.99677,1,0.995,0.923,0.99168,0.9949,0.98515,0.98053,0.32205,0.13574,0.07637,0.22371,0.83995,0.0007055,0.0007055,0.0007055
46,177.246,0.31179,0.21552,0.16338,0.27351,0.81837,0.99614,1,0.995,0.92245,0.99105,0.9949,0.98556,0.98084,0.3433,0.12201,0.07278,0.2259,0.84274,0.000693125,0.000693125,0.000693125
47,181.427,0.32429,0.23959,0.17174,0.28133,0.82545,0.9971,1,0.995,0.92148,0.99197,0.9949,0.98503,0.97981,0.33424,0.11822,0.07368,0.23801,0.84316,0.00068075,0.00068075,0.00068075
48,185.671,0.34402,0.23039,0.17359,0.28449,0.83072,0.99576,1,0.995,0.91888,0.99067,0.9949,0.98546,0.98095,0.33132,0.12069,0.07179,0.23245,0.83821,0.000668375,0.000668375,0.000668375
49,189.979,0.3338,0.25091,0.15437,0.28339,0.82493,0.9973,1,0.995,0.93071,0.99221,0.9949,0.98658,0.9833,0.32987,0.12679,0.0713,0.22451,0.83501,0.000656,0.000656,0.000656
50,193.977,0.31523,0.25028,0.1579,0.27953,0.81485,0.99664,1,0.995,0.93378,0.99155,0.9949,0.98939,0.98556,0.30099,0.12546,0.07136,0.22082,0.83183,0.000643625,0.000643625,0.000643625
51,197.182,0.32345,0.20799,0.15901,0.27473,0.81705,0.99635,1,0.995,0.92108,0.99126,0.9949,0.98837,0.98478,0.33668,0.11871,0.07145,0.222,0.83772,0.00063125,0.00063125,0.00063125
52,201.034,0.32436,0.20025,0.16318,0.26686,0.81474,0.99645,1,0.995,0.92914,0.99136,0.9949,0.98577,0.98228,0.31742,0.1077,0.06858,0.21633,0.83499,0.000618875,0.000618875,0.000618875
53,204.778,0.313,0.18773,0.1592,0.26875,0.81257,0.99643,1,0.995,0.93072,0.99134,0.9949,0.98556,0.97981,0.30842,0.1174,0.0688,0.20995,0.83306,0.0006065,0.0006065,0.0006065
54,208.99,0.30989,0.20428,0.13733,0.26523,0.8129,0.99733,1,0.995,0.93251,0.99224,0.9949,0.98587,0.98195,0.31511,0.10938,0.06641,0.21686,0.83467,0.000594125,0.000594125,0.000594125
55,213.03,0.30747,0.2021,0.14268,0.26667,0.81785,0.99582,1,0.995,0.9304,0.99073,0.9949,0.9873,0.98318,0.32084,0.11175,0.06524,0.21713,0.83459,0.00058175,0.00058175,0.00058175
56,217.215,0.30452,0.18154,0.14746,0.25544,0.80723,0.99573,1,0.995,0.93022,0.99064,0.9949,0.98786,0.98464,0.32098,0.10451,0.06416,0.22215,0.83626,0.000569375,0.000569375,0.000569375
57,221.991,0.31839,0.19741,0.15943,0.26206,0.81491,0.99762,1,0.995,0.93225,0.99254,0.9949,0.98668,0.98282,0.33668,0.10465,0.06284,0.23093,0.8412,0.000557,0.000557,0.000557
58,226.613,0.32277,0.17274,0.1436,0.26781,0.81348,0.99735,1,0.995,0.92613,0.99227,0.9949,0.9875,0.98396,0.35631,0.10276,0.06369,0.23222,0.83908,0.000544625,0.000544625,0.000544625
59,231.167,0.31278,0.19424,0.1606,0.25888,0.81441,0.99711,1,0.995,0.9235,0.99202,0.9949,0.98658,0.98337,0.3432,0.10773,0.06304,0.22324,0.83821,0.00053225,0.00053225,0.00053225
60,235.485,0.3319,0.1965,0.15305,0.26044,0.8162,0.996,1,0.995,0.92529,0.99087,0.9949,0.98908,0.9859,0.32284,0.10035,0.06177,0.2172,0.83504,0.000519875,0.000519875,0.000519875
61,239.877,0.30209,0.19788,0.14273,0.24913,0.80502,0.99747,1,0.995,0.92917,0.99238,0.9949,0.98827,0.98446,0.3021,0.10187,0.06038,0.21648,0.83163,0.0005075,0.0005075,0.0005075
62,244.207,0.29077,0.1925,0.14749,0.24565,0.80112,0.99727,1,0.995,0.93575,0.99219,0.9949,0.98837,0.98413,0.29907,0.10237,0.06053,0.20948,0.831,0.000495125,0.000495125,0.000495125
63,248.592,0.27869,0.14455,0.14534,0.23794,0.79769,0.99602,1,0.995,0.93204,0.99093,0.9949,0.98679,0.98382,0.31379,0.10137,0.05941,0.21119,0.83387,0.00048275,0.00048275,0.00048275
64,252.693,0.29078,0.19065,0.13435,0.24757,0.81565,0.99738,1,0.995,0.9314,0.99228,0.9949,0.98898,0.9853,0.31526,0.09648,0.05907,0.2091,0.83305,0.000470375,0.000470375,0.000470375
65,256.803,0.2868,0.14416,0.13517,0.2333,0.80292,0.99666,1,0.995,0.9268,0.99157,0.9949,0.98816,0.98446,0.33049,0.09886,0.05909,0.20167,0.83483,0.000458,0.000458,0.000458
66,261.045,0.27182,0.13442,0.13011,0.22863,0.79619,0.99623,1,0.995,0.92774,0.99114,0.9949,0.98607,0.9817,0.31747,0.09691,0.0582,0.20095,0.83434,0.000445625,0.000445625,0.000445625
67,265.77,0.28896,0.18197,0.1305,0.24194,0.81282,0.99591,1,0.995,0.93703,0.99082,0.9949,0.98503,0.9814,0.31101,0.09802,0.05773,0.20149,0.83371,0.00043325,0.00043325,0.00043325
68,270.291,0.29119,0.18407,0.15573,0.24236,0.80979,0.99752,0.99999,0.995,0.92891,0.99243,0.99489,0.98689,0.98164,0.31044,0.10091,0.05626,0.20331,0.83462,0.000420875,0.000420875,0.000420875
69,274.269,0.27801,0.18041,0.12254,0.23313,0.80712,0.99817,0.99992,0.995,0.93621,0.99308,0.99482,0.98648,0.98206,0.31031,0.09612,0.05495,0.20817,0.83299,0.0004085,0.0004085,0.0004085
70,278.233,0.28607,0.16672,0.12117,0.23837,0.80496,0.99756,1,0.995,0.93112,0.99247,0.9949,0.98587,0.98192,0.31485,0.09649,0.0558,0.20591,0.8368,0.000396125,0.000396125,0.000396125
71,282.245,0.28475,0.14012,0.12753,0.2356,0.81329,0.9972,0.99902,0.995,0.93876,0.99208,0.99392,0.9875,0.98475,0.30547,0.09674,0.0554,0.20305,0.83224,0.00038375,0.00038375,0.00038375
72,285.824,0.27406,0.15812,0.13513,0.22955,0.8034,0.99791,1,0.995,0.93473,0.99282,0.9949,0.98867,0.98496,0.30308,0.09178,0.05421,0.20335,0.83328,0.000371375,0.000371375,0.000371375
73,289.707,0.27741,0.17111,0.13171,0.23208,0.8083,0.99811,1,0.995,0.92812,0.99302,0.9949,0.98816,0.98428,0.30661,0.09923,0.05313,0.20291,0.83342,0.000359,0.000359,0.000359
74,293.444,0.26565,0.15619,0.13828,0.21986,0.80279,0.99811,1,0.995,0.93232,0.99302,0.9949,0.9875,0.98372,0.29891,0.09599,0.05274,0.19317,0.83211,0.000346625,0.000346625,0.000346625
75,297.003,0.26038,0.15908,0.11565,0.2237,0.79611,0.99806,1,0.995,0.93293,0.99293,0.9949,0.98648,0.98301,0.30468,0.09618,0.05267,0.19986,0.8336,0.00033425,0.00033425,0.00033425
76,299.939,0.26778,0.17176,0.13217,0.2245,0.79793,0.99703,1,0.995,0.93308,0.99194,0.9949,0.98709,0.98443,0.29666,0.09342,0.05257,0.1929,0.83216,0.000321875,0.000321875,0.000321875
77,303.172,0.26513,0.18688,0.14874,0.22004,0.80279,0.99699,1,0.995,0.93362,0.9919,0.9949,0.98908,0.98615,0.3089,0.09116,0.05224,0.20095,0.83367,0.0003095,0.0003095,0.0003095
78,306.801,0.27072,0.17126,0.13095,0.22561,0.80995,0.99715,1,0.995,0.93157,0.99207,0.9949,0.98949,0.98663,0.30635,0.09186,0.05246,0.19767,0.8346,0.000297125,0.000297125,0.000297125
79,310.793,0.28237,0.1792,0.15145,0.23256,0.80657,0.99738,1,0.995,0.93164,0.99229,0.9949,0.98556,0.98177,0.29369,0.09436,0.05127,0.19747,0.8314,0.00028475,0.00028475,0.00028475
80,315.202,0.26288,0.13049,0.11155,0.21315,0.80803,0.99702,1,0.995,0.93085,0.99193,0.9949,0.98526,0.9819,0.31563,0.09086,0.05228,0.19395,0.83202,0.000272375,0.000272375,0.000272375
81,319.234,0.27392,0.19057,0.13774,0.21837,0.80881,0.9972,1,0.995,0.93088,0.9921,0.9949,0.98587,0.98255,0.29922,0.09035,0.05182,0.18474,0.83255,0.00026,0.00026,0.00026
82,323.07,0.25807,0.14577,0.13191,0.21255,0.79431,0.99784,1,0.995,0.93317,0.99275,0.9949,0.98607,0.98302,0.30812,0.09046,0.05182,0.19269,0.83357,0.000247625,0.000247625,0.000247625
83,327.464,0.25406,0.11973,0.13369,0.20919,0.80542,0.99802,1,0.995,0.93599,0.99292,0.9949,0.98648,0.98315,0.30854,0.09079,0.05206,0.19466,0.83324,0.00023525,0.00023525,0.00023525
84,331.538,0.25655,0.15611,0.13052,0.21159,0.79949,0.99816,1,0.995,0.93682,0.99307,0.9949,0.98648,0.98246,0.29645,0.08847,0.05063,0.19147,0.83208,0.000222875,0.000222875,0.000222875
85,335.479,0.25437,0.16267,0.13866,0.20904,0.79509,0.99822,1,0.995,0.92995,0.99313,0.9949,0.98699,0.98357,0.29208,0.08822,0.05055,0.18718,0.83203,0.0002105,0.0002105,0.0002105
86,339.443,0.24826,0.14729,0.1283,0.20922,0.79182,0.99845,1,0.995,0.93421,0.99336,0.9949,0.9873,0.98298,0.29455,0.08824,0.05036,0.18734,0.83176,0.000198125,0.000198125,0.000198125
87,343.368,0.2473,0.18166,0.1405,0.2074,0.79559,0.9983,1,0.995,0.93148,0.9932,0.9949,0.98719,0.98445,0.30322,0.0916,0.05018,0.19134,0.83358,0.00018575,0.00018575,0.00018575
88,347.58,0.25038,0.13698,0.13903,0.20448,0.7951,0.99797,1,0.995,0.93673,0.99288,0.9949,0.98668,0.98353,0.29772,0.08813,0.05022,0.18389,0.83211,0.000173375,0.000173375,0.000173375
89,351.897,0.2391,0.14939,0.13505,0.20013,0.79574,0.99882,1,0.995,0.93519,0.99366,0.9949,0.98536,0.98207,0.29688,0.08868,0.04966,0.18496,0.83277,0.000161,0.000161,0.000161
90,356.306,0.23654,0.17019,0.11662,0.19949,0.79673,0.99839,1,0.995,0.93897,0.99324,0.9949,0.98526,0.98179,0.29328,0.08953,0.0503,0.18653,0.83292,0.000148625,0.000148625,0.000148625
91,363.244,0.21868,0.07867,0.05759,0.19185,0.77981,0.99807,1,0.995,0.93771,0.99298,0.9949,0.98526,0.98264,0.28907,0.08904,0.0496,0.18428,0.83299,0.00013625,0.00013625,0.00013625
92,367.044,0.21464,0.07463,0.05676,0.18597,0.76951,0.99769,1,0.995,0.93507,0.9926,0.9949,0.98526,0.98271,0.29532,0.08843,0.04901,0.19099,0.83374,0.000123875,0.000123875,0.000123875
93,370.724,0.21153,0.0711,0.05646,0.18765,0.77682,0.99767,1,0.995,0.93717,0.99257,0.9949,0.98515,0.9826,0.29489,0.0877,0.04822,0.1862,0.83311,0.0001115,0.0001115,0.0001115
94,374.116,0.20381,0.07206,0.05587,0.1852,0.77255,0.99748,1,0.995,0.93395,0.99239,0.9949,0.98566,0.98308,0.29193,0.08735,0.04806,0.18769,0.83271,9.9125e-05,9.9125e-05,9.9125e-05
95,378.386,0.20742,0.06987,0.05475,0.18156,0.78052,0.99696,1,0.995,0.93505,0.99186,0.9949,0.98577,0.98316,0.29159,0.08667,0.0476,0.18514,0.83352,8.675e-05,8.675e-05,8.675e-05
96,382.127,0.21446,0.07125,0.05514,0.18689,0.77873,0.99666,1,0.995,0.9371,0.99157,0.9949,0.98587,0.98323,0.28972,0.08774,0.04713,0.18497,0.83291,7.4375e-05,7.4375e-05,7.4375e-05
