epoch,time,train/box_loss,train/cls_loss,train/dfl_loss,metrics/precision(B),metrics/recall(B),metrics/mAP50(B),metrics/mAP50-95(B),val/box_loss,val/cls_loss,val/dfl_loss,lr/pg0,lr/pg1,lr/pg2
1,8.12851,1.29172,3.6356,1.3048,0.00929,0.73469,0.49786,0.35347,0.75233,3.37001,0.91335,0.000325,0.000325,0.000325
2,11.5167,0.72269,1.6714,0.94158,0.01475,0.72959,0.66964,0.58332,0.56875,3.19851,0.85307,0.000655941,0.000655941,0.000655941
3,14.7841,0.68276,1.43834,0.91549,1,0.51444,0.98742,0.84956,0.53654,2.1963,0.84205,0.0009802,0.0009802,0.0009802
4,17.9453,0.60918,1.37973,0.88846,0.97217,0.99177,0.995,0.87683,0.51289,1.07691,0.81921,0.00121287,0.00121287,0.00121287
5,21.004,0.58,1.25101,0.87944,0.99575,0.99245,0.995,0.88419,0.48539,0.71796,0.81942,0.0012005,0.0012005,0.0012005
6,24.2644,0.5421,1.14978,0.85654,0.99131,0.99901,0.995,0.83947,0.56814,0.62893,0.84421,0.00118812,0.00118812,0.00118812
7,27.3234,0.56143,1.0856,0.88357,0.99403,1,0.995,0.84877,0.5349,0.56746,0.85568,0.00117575,0.00117575,0.00117575
8,30.3689,0.54929,1.04196,0.87711,0.99292,1,0.995,0.86733,0.46644,0.52765,0.81454,0.00116337,0.00116337,0.00116337
9,33.5167,0.52554,0.94327,0.86465,0.99608,0.99766,0.995,0.8975,0.42356,0.4601,0.81051,0.001151,0.001151,0.001151
10,36.8546,0.49733,0.9097,0.85088,0.98852,0.99959,0.9949,0.89967,0.41495,0.44384,0.81048,0.00113863,0.00113863,0.00113863
11,40.2318,0.47733,0.85119,0.84961,0.99664,1,0.995,0.90461,0.37992,0.39751,0.80428,0.00112625,0.00112625,0.00112625
12,43.5396,0.46265,0.81367,0.84503,0.99369,1,0.995,0.90902,0.37715,0.38387,0.80309,0.00111388,0.00111388,0.00111388
13,46.6878,0.46967,0.78401,0.85166,0.99727,1,0.995,0.89618,0.40379,0.34633,0.80976,0.0011015,0.0011015,0.0011015
14,50.3768,0.46781,0.76643,0.83486,0.99575,1,0.995,0.90691,0.39212,0.33127,0.80739,0.00108913,0.00108913,0.00108913
15,54.1244,0.41691,0.69624,0.83513,0.99748,1,0.995,0.89629,0.39532,0.32672,0.80825,0.00107675,0.00107675,0.00107675
16,58.0269,0.43864,0.69003,0.84466,0.9966,1,0.995,0.90864,0.37062,0.30457,0.80373,0.00106437,0.00106437,0.00106437
17,61.4519,0.44074,0.64854,0.83045,0.99659,1,0.995,0.92382,0.37514,0.30387,0.80324,0.001052,0.001052,0.001052
18,64.836,0.42795,0.62574,0.83696,0.99526,1,0.995,0.91428,0.37289,0.29939,0.80383,0.00103962,0.00103962,0.00103962
19,68.1615,0.41229,0.61495,0.82967,0.9974,1,0.995,0.90943,0.36422,0.28686,0.80109,0.00102725,0.00102725,0.00102725
20,71.4588,0.40999,0.5819,0.83083,0.99172,0.99995,0.9949,0.91075,0.38874,0.30056,0.80732,0.00101488,0.00101488,0.00101488
21,74.6629,0.41782,0.57425,0.82414,0.99621,0.99922,0.995,0.90852,0.394,0.31561,0.80727,0.0010025,0.0010025,0.0010025
22,77.7117,0.392,0.53708,0.82798,0.9969,0.99978,0.995,0.9131,0.36766,0.27403,0.8077,0.000990125,0.000990125,0.000990125
23,80.8789,0.402,0.52729,0.81595,0.99779,0.9991,0.995,0.92164,0.34629,0.27455,0.80219,0.00097775,0.00097775,0.00097775
24,84.0592,0.36939,0.5026,0.82004,0.99487,0.99919,0.995,0.92385,0.34298,0.27402,0.80013,0.000965375,0.000965375,0.000965375
25,87.2911,0.37364,0.48621,0.81768,0.99538,1,0.995,0.91948,0.34563,0.26553,0.80147,0.000953,0.000953,0.000953
26,90.8681,0.37169,0.46903,0.81913,0.9978,1,0.995,0.91687,0.35384,0.26543,0.80489,0.000940625,0.000940625,0.000940625
27,94.5095,0.36735,0.46241,0.82003,0.99579,1,0.995,0.92422,0.3489,0.26977,0.80343,0.00092825,0.00092825,0.00092825
28,98.1893,0.37408,0.45408,0.82443,0.99584,0.99906,0.995,0.92163,0.36439,0.26597,0.80439,0.000915875,0.000915875,0.000915875
29,101.829,0.37793,0.45698,0.81687,0.99473,0.99909,0.995,0.92,0.34729,0.26352,0.80625,0.0009035,0.0009035,0.0009035
30,105.563,0.36945,0.44119,0.82006,0.99696,1,0.995,0.92078,0.34817,0.26116,0.79775,0.000891125,0.000891125,0.000891125
31,109.395,0.36817,0.43488,0.81568,0.98989,0.99901,0.995,0.92312,0.34013,0.25917,0.80321,0.00087875,0.00087875,0.00087875
32,112.978,0.34855,0.41608,0.81408,0.99315,0.99959,0.9949,0.92063,0.3391,0.25017,0.80398,0.000866375,0.000866375,0.000866375
33,116.806,0.34719,0.41041,0.81244,0.98976,1,0.995,0.91604,0.34434,0.25379,0.8045,0.000854,0.000854,0.000854
34,120.396,0.34049,0.40298,0.81453,0.9963,1,0.995,0.91558,0.3491,0.24197,0.80736,0.000841625,0.000841625,0.000841625
35,123.997,0.3492,0.39471,0.81614,0.98654,1,0.9949,0.92443,0.36422,0.26127,0.80651,0.00082925,0.00082925,0.00082925
36,127.653,0.32602,0.37638,0.80511,0.99584,1,0.995,0.93009,0.32818,0.24128,0.80173,0.000816875,0.000816875,0.000816875
37,131.378,0.31925,0.36438,0.80718,0.99668,1,0.995,0.92407,0.33731,0.24206,0.80584,0.0008045,0.0008045,0.0008045
38,135.037,0.3248,0.35923,0.80412,0.99639,0.99937,0.995,0.92553,0.33429,0.23257,0.80005,0.000792125,0.000792125,0.000792125
39,138.417,0.32672,0.37432,0.81226,0.99344,1,0.9949,0.92999,0.32554,0.23171,0.80247,0.00077975,0.00077975,0.00077975
40,141.401,0.32251,0.35197,0.80874,0.98655,0.99923,0.9948,0.92336,0.34629,0.23911,0.80493,0.000767375,0.000767375,0.000767375
41,144.659,0.33653,0.363,0.81462,0.98892,0.99911,0.9949,0.92354,0.32717,0.23584,0.80241,0.000755,0.000755,0.000755
42,147.751,0.32439,0.34402,0.80689,0.99384,1,0.995,0.92979,0.33317,0.24326,0.80645,0.000742625,0.000742625,0.000742625
43,150.919,0.32884,0.34669,0.81193,0.9956,1,0.995,0.92442,0.33487,0.23036,0.80785,0.00073025,0.00073025,0.00073025
44,154.183,0.32478,0.3567,0.80339,0.99824,1,0.995,0.92228,0.34469,0.22972,0.81103,0.000717875,0.000717875,0.000717875
45,157.297,0.31443,0.33579,0.80052,0.99516,1,0.995,0.92552,0.34979,0.22187,0.8059,0.0007055,0.0007055,0.0007055
46,160.503,0.30625,0.32611,0.8021,0.99654,1,0.995,0.92304,0.3451,0.22606,0.81151,0.000693125,0.000693125,0.000693125
47,163.77,0.30473,0.31407,0.80367,0.99529,1,0.995,0.92839,0.34042,0.24283,0.80726,0.00068075,0.00068075,0.00068075
48,167.162,0.30122,0.31803,0.80353,0.99039,1,0.995,0.93031,0.3531,0.2306,0.81254,0.000668375,0.000668375,0.000668375
49,170.485,0.31977,0.32778,0.8027,0.99206,1,0.995,0.92599,0.33183,0.22996,0.80625,0.000656,0.000656,0.000656
50,173.989,0.307,0.32634,0.79903,0.9912,1,0.995,0.91919,0.33294,0.22606,0.80577,0.000643625,0.000643625,0.000643625
51,177.641,0.29151,0.30394,0.79177,0.98988,1,0.995,0.93049,0.3175,0.22044,0.80516,0.00063125,0.00063125,0.00063125
52,181.546,0.28898,0.294,0.79656,0.99757,1,0.995,0.92773,0.32728,0.22311,0.80745,0.000618875,0.000618875,0.000618875
53,184.973,0.30135,0.30951,0.79836,0.99661,1,0.995,0.93615,0.3146,0.22382,0.80956,0.0006065,0.0006065,0.0006065
54,188.53,0.29985,0.307,0.80044,0.99806,1,0.995,0.92696,0.33525,0.21924,0.80683,0.000594125,0.000594125,0.000594125
55,191.982,0.28877,0.2921,0.80017,0.99775,1,0.995,0.93011,0.32236,0.21972,0.80387,0.00058175,0.00058175,0.00058175
56,195.389,0.27823,0.27998,0.78837,0.99824,1,0.995,0.92511,0.32693,0.21669,0.80794,0.000569375,0.000569375,0.000569375
57,199.049,0.27924,0.28222,0.79231,0.99798,1,0.995,0.92626,0.3131,0.21049,0.80352,0.000557,0.000557,0.000557
58,202.31,0.26815,0.27692,0.78673,0.99649,1,0.995,0.92817,0.31534,0.20144,0.80406,0.000544625,0.000544625,0.000544625
59,205.807,0.26861,0.27255,0.7958,0.98501,0.99915,0.995,0.91592,0.33957,0.21162,0.80972,0.00053225,0.00053225,0.00053225
60,209.328,0.27629,0.27788,0.79144,0.99233,1,0.9949,0.93581,0.33046,0.20559,0.80945,0.000519875,0.000519875,0.000519875
61,212.711,0.26392,0.26645,0.78946,0.99236,1,0.99479,0.93562,0.30888,0.21093,0.81017,0.0005075,0.0005075,0.0005075
62,216.488,0.25411,0.26093,0.78251,0.99616,1,0.995,0.93751,0.31788,0.2166,0.80939,0.000495125,0.000495125,0.000495125
63,220.209,0.24787,0.25178,0.78475,0.99664,1,0.995,0.93374,0.30498,0.19213,0.8063,0.00048275,0.00048275,0.00048275
64,223.729,0.25497,0.26113,0.79645,0.99718,0.9998,0.995,0.93368,0.32546,0.21428,0.80895,0.000470375,0.000470375,0.000470375
65,227.73,0.25679,0.26122,0.78851,0.9912,1,0.995,0.93103,0.31634,0.20341,0.807,0.000458,0.000458,0.000458
66,231.918,0.24829,0.24846,0.78071,0.98955,1,0.995,0.9333,0.30567,0.20443,0.80531,0.000445625,0.000445625,0.000445625
67,236.112,0.25767,0.25479,0.79086,0.98612,1,0.995,0.93222,0.31534,0.20807,0.80894,0.00043325,0.00043325,0.00043325
68,239.977,0.24715,0.252,0.79014,0.99818,0.99909,0.995,0.9383,0.30152,0.19517,0.80841,0.000420875,0.000420875,0.000420875
69,243.645,0.24433,0.2439,0.78436,0.99829,0.99998,0.995,0.93817,0.29983,0.19824,0.80657,0.0004085,0.0004085,0.0004085
70,247.099,0.24895,0.24442,0.78882,0.99547,0.99988,0.995,0.93137,0.31097,0.20119,0.80659,0.000396125,0.000396125,0.000396125
71,250.01,0.24997,0.2455,0.79549,0.9974,1,0.995,0.93165,0.31254,0.19809,0.80863,0.00038375,0.00038375,0.00038375
72,253.575,0.23931,0.24024,0.78451,0.99745,1,0.995,0.93584,0.31443,0.19214,0.80703,0.000371375,0.000371375,0.000371375
73,256.911,0.24356,0.24248,0.78827,0.99504,0.9991,0.995,0.93364,0.29711,0.19452,0.80487,0.000359,0.000359,0.000359
74,259.932,0.23636,0.23337,0.78517,0.99793,1,0.995,0.93308,0.31176,0.19263,0.80465,0.000346625,0.000346625,0.000346625
75,263.145,0.2265,0.22781,0.7805,0.99782,0.99982,0.995,0.93632,0.31376,0.19526,0.80485,0.00033425,0.00033425,0.00033425
76,266.294,0.23105,0.23025,0.78044,0.99606,0.99914,0.995,0.93771,0.2963,0.18779,0.8057,0.000321875,0.000321875,0.000321875
77,269.336,0.23428,0.22626,0.79118,0.99488,0.99684,0.995,0.93527,0.30215,0.18618,0.80685,0.0003095,0.0003095,0.0003095
78,272.389,0.23698,0.23668,0.79475,0.99306,1,0.995,0.93695,0.29855,0.18095,0.80855,0.000297125,0.000297125,0.000297125
79,275.6,0.24656,0.238,0.78957,0.99052,0.99929,0.995,0.9324,0.30565,0.19685,0.806,0.00028475,0.00028475,0.00028475
80,278.931,0.2281,0.2259,0.78976,0.99625,0.99974,0.995,0.92606,0.31758,0.19318,0.80839,0.000272375,0.000272375,0.000272375
81,282.589,0.23359,0.22785,0.78885,0.99141,0.99972,0.995,0.93618,0.29315,0.18676,0.80556,0.00026,0.00026,0.00026
82,286.481,0.22101,0.21813,0.78176,0.98747,0.99905,0.995,0.93539,0.29984,0.19382,0.80728,0.000247625,0.000247625,0.000247625
83,289.996,0.21647,0.2214,0.7902,0.99544,0.99574,0.995,0.94088,0.29685,0.1857,0.80516,0.00023525,0.00023525,0.00023525
84,293.758,0.21492,0.21526,0.78093,0.99486,0.99926,0.995,0.93632,0.30218,0.18995,0.80725,0.000222875,0.000222875,0.000222875
85,297.325,0.21701,0.21817,0.78056,0.9932,0.99936,0.995,0.93232,0.29492,0.178,0.80553,0.0002105,0.0002105,0.0002105
86,300.926,0.20973,0.20797,0.7805,0.98951,0.99956,0.995,0.93684,0.30461,0.18135,0.808,0.000198125,0.000198125,0.000198125
87,304.463,0.21308,0.20887,0.78103,0.9908,0.99983,0.995,0.93552,0.29908,0.18475,0.80541,0.00018575,0.00018575,0.00018575
88,308.079,0.22029,0.21046,0.78309,0.99356,0.99922,0.995,0.93633,0.30062,0.18318,0.80469,0.000173375,0.000173375,0.000173375
89,311.487,0.20393,0.20411,0.78191,0.99755,1,0.995,0.93766,0.30404,0.17705,0.80599,0.000161,0.000161,0.000161
90,315.123,0.20221,0.20423,0.78272,0.99645,0.99932,0.995,0.93846,0.29234,0.17708,0.80493,0.000148625,0.000148625,0.000148625
91,320.834,0.18404,0.19748,0.76865,0.99516,0.99912,0.995,0.93751,0.29505,0.17883,0.8061,0.00013625,0.00013625,0.00013625
92,324.748,0.17604,0.19481,0.75839,0.99749,0.99569,0.995,0.93648,0.29698,0.17881,0.80916,0.000123875,0.000123875,0.000123875
93,328.131,0.17395,0.19471,0.76473,0.99544,0.9949,0.9948,0.93647,0.29697,0.18406,0.80863,0.0001115,0.0001115,0.0001115
94,331.582,0.17257,0.18677,0.76217,0.99501,0.9949,0.9949,0.9369,0.29327,0.17539,0.80728,9.9125e-05,9.9125e-05,9.9125e-05
95,334.947,0.17355,0.18828,0.76597,0.99386,0.9949,0.9949,0.93604,0.29713,0.18081,0.80887,8.675e-05,8.675e-05,8.675e-05
96,337.866,0.174,0.1904,0.7641,0.99041,0.99516,0.9949,0.93659,0.29222,0.17505,0.80687,7.4375e-05,7.4375e-05,7.4375e-05
97,340.941,0.16524,0.1831,0.76944,0.99505,0.99906,0.995,0.9336,0.28981,0.16981,0.80621,6.2e-05,6.2e-05,6.2e-05
98,344.091,0.16302,0.18161,0.77205,0.99382,0.99617,0.995,0.93688,0.29048,0.16916,0.8067,4.9625e-05,4.9625e-05,4.9625e-05
99,347.409,0.16463,0.18055,0.7599,0.99104,0.99902,0.995,0.93867,0.29192,0.17294,0.80665,3.725e-05,3.725e-05,3.725e-05
100,350.757,0.16929,0.18188,0.76467,0.99066,0.99912,0.995,0.937,0.2927,0.17192,0.80663,2.4875e-05,2.4875e-05,2.4875e-05
